{
  "calories_MAE": 99.78056220338982,
  "calories_MAE_%": 36.11385910538491,
  "calories_R^2": 0.6745125799972433,
  "mass_MAE": 82.45762711864407,
  "mass_MAE_%": 34.72767506602898,
  "mass_R^2": 0.4811756295398486,
  "fat_MAE": 6.988496186440678,
  "fat_MAE_%": 48.47048382780054,
  "fat_R^2": 0.6614176247906903,
  "carb_MAE": 10.244690457627119,
  "carb_MAE_%": 44.811313588926346,
  "carb_R^2": 0.4640736620352971,
  "protein_MAE": 7.833288101694915,
  "protein_MAE_%": 46.99443553927796,
  "protein_R^2": 0.4385826611873368
}